{"keyset": {"lweSecretKeys": [{"id": 0, "params": {"lweDimension": 1255, "integerPrecision": 64, "keyType": "binary"}}], "lweBootstrapKeys": [], "lweKeyswitchKeys": [], "packingKeyswitchKeys": []}, "circuits": [{"inputs": [{"rawInfo": {"shape": {"dimensions": [1, 4, 3]}, "integerPrecision": 64, "isSigned": false}, "typeInfo": {"lweCiphertext": {"abstractShape": {"dimensions": [1, 4]}, "concreteShape": {"dimensions": [1, 4, 3]}, "integerPrecision": 64, "encryption": {"keyId": 0, "variance": 1.5666184859436739e-18, "lweDimension": 1255, "modulus": {"modulus": {"native": {}}}}, "compression": "seed", "encoding": {"integer": {"width": 17, "isSigned": true, "mode": {"native": {}}}}}}}], "outputs": [{"rawInfo": {"shape": {"dimensions": [1, 3, 1256]}, "integerPrecision": 64, "isSigned": false}, "typeInfo": {"lweCiphertext": {"abstractShape": {"dimensions": [1, 3]}, "concreteShape": {"dimensions": [1, 3, 1256]}, "integerPrecision": 64, "encryption": {"keyId": 0, "variance": 1.5666184859436739e-18, "lweDimension": 1255, "modulus": {"modulus": {"native": {}}}}, "compression": "none", "encoding": {"integer": {"width": 17, "isSigned": true, "mode": {"native": {}}}}}}}], "name": "inference_to_compile"}], "tfhers_specs": {"input_types_per_func": {"inference_to_compile": [null]}, "output_types_per_func": {"inference_to_compile": [null]}, "input_shapes_per_func": {"inference_to_compile": [null]}, "output_shapes_per_func": {"inference_to_compile": [null]}}}